,appliance_id,appliance_name,routine_id,user_id
0,4,Washing Machine,0,
1,6,Robot Cleaner,0,
2,8,Air Cleaner,0,
3,2,Electronic Range,1,
4,3,Light Oven,1,
5,8,Air Cleaner,1,
6,7,Air Conditioner,2,
7,8,Air Cleaner,2,
8,4,Washing Machine,3,
9,5,Dryer,3,
10,9,Styler,3,
11,1,TV,4,
12,7,Air Conditioner,4,
13,1,TV,5,
14,4,Washing Machine,5,
15,6,Robot Cleaner,5,
16,8,Air Cleaner,5,
17,1,TV,6,
18,2,Electronic Range,6,
19,3,Light Oven,6,
20,8,Air Cleaner,6,
21,1,TV,7,
22,6,Robot Cleaner,7,
23,8,Air Cleaner,7,
24,1,TV,8,
25,7,Air Conditioner,8,
26,9,Styler,8,
27,1,TV,9,
28,7,Air Conditioner,9,
29,8,Air Cleaner,9,
30,1,TV,10,
31,2,Electronic Range,10,
32,7,Air Conditioner,10,
33,8,Air Cleaner,10,
34,1,TV,11,
35,3,Light Oven,11,
36,7,Air Conditioner,11,
37,8,Air Cleaner,11,
38,1,TV,12,
39,4,Washing Machine,12,
40,6,Robot Cleaner,12,
41,3,Light Oven,13,
42,8,Air Cleaner,13,
43,3,Light Oven,14,
44,8,Air Cleaner,14,
45,4,Washing Machine,15,
46,5,Dryer,15,
47,9,Styler,15,
48,4,Washing Machine,16,
49,5,Dryer,16,
50,9,Styler,16,
51,4,Washing Machine,17,
52,5,Dryer,17,
53,6,Robot Cleaner,18,
54,8,Air Cleaner,18,
55,6,Robot Cleaner,19,
56,8,Air Cleaner,19,
57,4,Washing Machine,20,
58,6,Robot Cleaner,20,
59,9,Styler,20,
60,4,Washing Machine,21,
61,6,Robot Cleaner,21,
62,9,Styler,21,
63,4,Washing Machine,22,
64,5,Dryer,22,
65,2,Electronic Range,23,
66,3,Light Oven,23,
67,8,Air Cleaner,23,
68,2,Electronic Range,24,
69,3,Light Oven,24,
70,8,Air Cleaner,24,
71,2,Electronic Range,25,
72,3,Light Oven,25,
73,8,Air Cleaner,25,
74,6,Robot Cleaner,26,
75,8,Air Cleaner,26,
76,7,Air Conditioner,27,
77,8,Air Cleaner,27,
78,1,TV,28,
79,2,Electronic Range,29,
80,3,Light Oven,30,
81,4,Washing Machine,31,
82,5,Dryer,32,
83,6,Robot Cleaner,33,
84,7,Air Conditioner,34,
85,8,Air Cleaner,35,
86,9,Styler,36,
87,1,TV,37,
88,2,Electronic Range,37,
89,1,TV,38,
90,3,Light Oven,38,
91,1,TV,39,
92,4,Washing Machine,39,
93,1,TV,40,
94,5,Dryer,40,
95,1,TV,41,
96,6,Robot Cleaner,41,
97,1,TV,42,
98,7,Air Conditioner,42,
99,1,TV,43,
100,8,Air Cleaner,43,
101,1,TV,44,
102,9,Styler,44,
103,2,Electronic Range,45,
104,3,Light Oven,45,
105,2,Electronic Range,46,
106,4,Washing Machine,46,
107,2,Electronic Range,47,
108,5,Dryer,47,
109,2,Electronic Range,48,
110,6,Robot Cleaner,48,
111,2,Electronic Range,49,
112,7,Air Conditioner,49,
113,2,Electronic Range,50,
114,8,Air Cleaner,50,
115,2,Electronic Range,51,
116,9,Styler,51,
117,3,Light Oven,52,
118,4,Washing Machine,52,
119,3,Light Oven,53,
120,5,Dryer,53,
121,3,Light Oven,54,
122,6,Robot Cleaner,54,
123,3,Light Oven,55,
124,7,Air Conditioner,55,
125,3,Light Oven,56,
126,8,Air Cleaner,56,
127,3,Light Oven,57,
128,9,Styler,57,
129,4,Washing Machine,58,
130,5,Dryer,58,
131,4,Washing Machine,59,
132,6,Robot Cleaner,59,
133,4,Washing Machine,60,
134,7,Air Conditioner,60,
135,4,Washing Machine,61,
136,8,Air Cleaner,61,
137,4,Washing Machine,62,
138,9,Styler,62,
139,5,Dryer,63,
140,6,Robot Cleaner,63,
141,5,Dryer,64,
142,7,Air Conditioner,64,
143,5,Dryer,65,
144,8,Air Cleaner,65,
145,5,Dryer,66,
146,9,Styler,66,
147,6,Robot Cleaner,67,
148,7,Air Conditioner,67,
149,6,Robot Cleaner,68,
150,8,Air Cleaner,68,
151,6,Robot Cleaner,69,
152,9,Styler,69,
153,7,Air Conditioner,70,
154,8,Air Cleaner,70,
155,7,Air Conditioner,71,
156,9,Styler,71,
157,8,Air Cleaner,72,
158,9,Styler,72,
159,2,Electronic Range,73,
160,3,Light Oven,73,
161,8,Air Cleaner,73,
162,7,Air Conditioner,74,
163,8,Air Cleaner,74,
164,7,Air Conditioner,75,
165,8,Air Cleaner,75,
166,4,Washing Machine,76,
167,5,Dryer,76,
168,9,Styler,76,
169,1,TV,77,
170,7,Air Conditioner,77,
171,1,TV,78,
172,7,Air Conditioner,78,
173,1,TV,79,
174,4,Washing Machine,79,
175,6,Robot Cleaner,79,
176,8,Air Cleaner,79,
177,1,TV,80,
178,2,Electronic Range,80,
179,3,Light Oven,80,
180,8,Air Cleaner,80,
181,1,TV,81,
182,6,Robot Cleaner,81,
183,8,Air Cleaner,81,
184,1,TV,82,
185,6,Robot Cleaner,82,
186,8,Air Cleaner,82,
187,1,TV,83,
188,6,Robot Cleaner,83,
189,7,Air Conditioner,83,
190,8,Air Cleaner,83,
191,1,TV,84,
192,7,Air Conditioner,84,
193,9,Styler,84,
194,1,TV,85,
195,7,Air Conditioner,85,
196,9,Styler,85,
197,3,Light Oven,86,
198,8,Air Cleaner,86,
199,1,TV,87,
200,7,Air Conditioner,87,
201,1,TV,88,
202,4,Washing Machine,88,
203,1,TV,89,
204,5,Dryer,89,
205,1,TV,90,
206,2,Electronic Range,90,
207,1,TV,91,
208,7,Air Conditioner,91,
209,1,TV,92,
210,8,Air Cleaner,92,
211,2,Electronic Range,93,
212,3,Light Oven,93,
213,2,Electronic Range,94,
214,7,Air Conditioner,94,
215,3,Light Oven,95,
216,8,Air Cleaner,95,
217,4,Washing Machine,96,
218,6,Robot Cleaner,96,
219,4,Washing Machine,97,
220,7,Air Conditioner,97,
221,5,Dryer,98,
222,6,Robot Cleaner,98,
223,5,Dryer,99,
224,9,Styler,99,
225,6,Robot Cleaner,100,
226,7,Air Conditioner,100,
227,6,Robot Cleaner,101,
228,8,Air Cleaner,101,
229,6,Robot Cleaner,102,
230,9,Styler,102,
231,7,Air Conditioner,103,
232,8,Air Cleaner,103,
233,7,Air Conditioner,104,
234,9,Styler,104,
235,8,Air Cleaner,105,
236,9,Styler,105,
